{"lr": 0.0007203939798684531, "batch_size": 16, "weight_decay": 1.6862853874484822e-06, "conv_channels1": 8, "conv_channels2": 40}