{"lr": 0.0008453019789062219, "batch_size": 32, "weight_decay": 4.24591495597237e-06, "conv_channels1": 32, "conv_channels2": 64}