{"lr": 0.0007752049897200802, "batch_size": 16, "weight_decay": 1.3533721341170099e-05, "conv_channels1": 24, "conv_channels2": 16}